speed_main,flow_main,week,flow_mean_400,speed_mean_400,flow_mean_406,speed_mean_406,flow_mean_412,speed_mean_412,flow_mean_427,speed_mean_427,flow_mean_432,speed_mean_432,year2010,year2011,year2012,year2013,year2014,year2015,year2016,year2017,year2018,year2019,timeframe6,timeframe7,timeframe8,timeframe9
110.43,1641.82,24,1812,110.16,1812,109.03,1794.55,109.02,2105.45,107.91,2133.82,106.07,1,0,0,0,0,0,0,0,0,0,1,0,0,0
113.42,1527.78,28,1702.22,112.32,1700,110.12,1688.89,110,1905.56,108.34,1898.89,106.09,1,0,0,0,0,0,0,0,0,0,1,0,0,0
111.14,1493,38,1637,109.65,1638,107.99,1644,107.81,1996,106.27,1983,102.77,1,0,0,0,0,0,0,0,0,0,1,0,0,0
109.49,1518,39,1680,109.13,1666,108.07,1667,107.12,1952,105.45,1962,102.93,1,0,0,0,0,0,0,0,0,0,1,0,0,0
109.38,1536,45,1726,109.88,1686,109.13,1694,108.76,2059,105.04,2084,103.34,1,0,0,0,0,0,0,0,0,0,1,0,0,0
111.67,1585,47,1728,110.64,1728,109.45,1735,108.97,2084,107.13,2074,105.24,1,0,0,0,0,0,0,0,0,0,1,0,0,0
104.29,1575.25,48,1717.63,104.16,1726.78,103.11,1741.02,102.43,2112.2,100.36,2106.1,98.56,1,0,0,0,0,0,0,0,0,0,1,0,0,0
107.83,649,52,717,107.75,732,106.15,735,105.38,864,106.5,864,104.12,1,0,0,0,0,0,0,0,0,0,1,0,0,0
109.86,1504,3,1665,109.49,1675,108.12,1693,107.93,2010,105.8,2005,102.95,0,1,0,0,0,0,0,0,0,0,1,0,0,0
111.68,1579,16,1747,110.36,1714,109.22,1704,108.52,2069,106.64,2070,105.01,0,1,0,0,0,0,0,0,0,0,1,0,0,0
111.99,1669,20,1859,110.12,1844,109.17,1816,108.79,2142,107.19,2144,105.2,0,1,0,0,0,0,0,0,0,0,1,0,0,0
113.18,1639,23,1813,111.4,1816,109.86,1800,109.44,2122,107.41,2101,106.42,0,1,0,0,0,0,0,0,0,0,1,0,0,0
112.29,1579,26,1714,110.78,1740,108.36,1700,108.51,2030,108.08,2024,106.5,0,1,0,0,0,0,0,0,0,0,1,0,0,0
112.81,1153.68,30,1245.26,112.2,1263.16,109.85,1263.16,109.76,1417.89,108.82,1408.42,107.44,0,1,0,0,0,0,0,0,0,0,1,0,0,0
113.34,1096.15,32,1202.31,112.09,1213.85,109.84,1197.69,109.26,1464.23,107.09,1444.62,106.71,0,1,0,0,0,0,0,0,0,0,1,0,0,0
113.16,1239.31,33,1387.24,111.89,1395.52,110.58,1391.38,110.11,1747.24,108.49,1741.03,107.28,0,1,0,0,0,0,0,0,0,0,1,0,0,0
110.21,1465,36,1597,109.72,1590,107.91,1588,108.2,1938,106.04,1928,104.59,0,1,0,0,0,0,0,0,0,0,1,0,0,0
110.5,1621,42,1770,109.12,1769,106.99,1783,107.37,2071,105.6,2034,104.14,0,1,0,0,0,0,0,0,0,0,1,0,0,0
110.08,1604,43,1757,108.9,1755,108.06,1760,108.23,2082,105.99,2070,104.84,0,1,0,0,0,0,0,0,0,0,1,0,0,0
110.92,1659,45,1785,109.67,1806,108.62,1798,107.62,2135,105.98,2153,105.07,0,1,0,0,0,0,0,0,0,0,1,0,0,0
106.64,1666,47,1804,106.56,1809,104.71,1814,103.67,2108,103.79,2100,101.02,0,1,0,0,0,0,0,0,0,0,1,0,0,0
109.98,1488,7,1604,108.81,1637,107.16,1632,108.12,1983,107.05,1955,105.16,0,0,1,0,0,0,0,0,0,0,1,0,0,0
109.95,1672,10,1813,109.57,1813,108.17,1798,107.27,2100,106.11,2097,104.99,0,0,1,0,0,0,0,0,0,0,1,0,0,0
110.91,1684.44,12,1797.78,110.19,1818.89,107.67,1787.78,108.29,2100,106.11,2103.33,104.81,0,0,1,0,0,0,0,0,0,0,1,0,0,0
111.93,1808,22,1966,110.63,1993,109.59,1866,109.81,2322,106.73,2322,105.4,0,0,1,0,0,0,0,0,0,0,1,0,0,0
111.83,1630,24,1784,111.05,1738,109.62,1757,109.81,2018,107.82,2011,107.51,0,0,1,0,0,0,0,0,0,0,1,0,0,0
113.2,1656,26,1793,111.45,1779,109.93,1780,109.62,2068,107.46,2070,106.41,0,0,1,0,0,0,0,0,0,0,1,0,0,0
112.3,1010,32,1129,111.56,1129,109.11,1141,109.21,1320,108.75,1319,107.47,0,0,1,0,0,0,0,0,0,0,1,0,0,0
111.18,1320,34,1463,109.47,1470,108.47,1448,107.88,1840,106.42,1836,105.17,0,0,1,0,0,0,0,0,0,0,1,0,0,0
110.77,1456,35,1593,109.28,1604,107.6,1594,107.24,1885,105.67,1870,104.09,0,0,1,0,0,0,0,0,0,0,1,0,0,0
112.21,1513,36,1637,110.04,1658,108.75,1627,109.36,1909,107.14,1919,105.8,0,0,1,0,0,0,0,0,0,0,1,0,0,0
111.53,1448,38,1613,110.67,1610,108.82,1596,108.01,1897,106.08,1859,104.9,0,0,1,0,0,0,0,0,0,0,1,0,0,0
112.08,1497,41,1701,110.53,1749,108.11,1771.5,108.22,2049,105.99,2023.5,104.9,0,0,1,0,0,0,0,0,0,0,1,0,0,0
110.42,1603,47,1732,109.76,1739,107.76,1729,107.17,1990,105.77,1983,104.42,0,0,1,0,0,0,0,0,0,0,1,0,0,0
111.66,1606,48,1747,109.72,1734,108.63,1738,108.56,2016,107.12,2014,105.59,0,0,1,0,0,0,0,0,0,0,1,0,0,0
108.03,1706,50,1831,107.75,1856,106.24,1835,105.69,2137,105.32,2138,104.17,0,0,1,0,0,0,0,0,0,0,1,0,0,0
116.31,218.57,1,245.26,115.66,251.58,112.27,236.9,110.45,258.95,111.32,263.16,109.92,0,0,0,1,0,0,0,0,0,0,1,0,0,0
111.37,1522.35,2,1676.47,110.15,1685.88,108.22,1689.41,107.63,1944.71,106.81,1940,105.1,0,0,0,1,0,0,0,0,0,0,1,0,0,0
108.46,1414.74,4,1531.58,108.42,1562.11,106.46,1548.42,106.29,1908.42,104.98,1894.74,103.51,0,0,0,1,0,0,0,0,0,0,1,0,0,0
109.13,1528.42,6,1695.79,107.2,1685.26,105.59,1656.84,104.97,1984.21,104.12,1976.84,102.19,0,0,0,1,0,0,0,0,0,0,1,0,0,0
109.97,1456,8,1551,110.25,1567,108.09,1571,107.9,1916,106.81,1900,105.25,0,0,0,1,0,0,0,0,0,0,1,0,0,0
110.32,1534.14,9,1680,109.47,1687.24,108.27,1680,107.91,1994.48,107.02,2014.14,105.31,0,0,0,1,0,0,0,0,0,0,1,0,0,0
110.35,1520.69,13,1657.24,110.8,1668.62,108.88,1646.9,109.24,2094.83,106.29,2055.52,104.84,0,0,0,1,0,0,0,0,0,0,1,0,0,0
112.62,1453,19,1523,111.99,1536,109.56,1426,110.63,1910,108.9,1891,107.37,0,0,0,1,0,0,0,0,0,0,1,0,0,0
112.14,1523,20,1581,110.94,1615,109.14,1595,108.31,2058,106.98,2042,105.11,0,0,0,1,0,0,0,0,0,0,1,0,0,0
110.94,1581.05,22,1638.95,110.26,1656.84,108.36,1636.84,107.63,2077.89,106.46,2078.95,105.55,0,0,0,1,0,0,0,0,0,0,1,0,0,0
111.49,1541.79,23,1598.57,111.2,1621.07,109.32,1501.07,109.1,1986.43,107.35,1977.86,106.71,0,0,0,1,0,0,0,0,0,0,1,0,0,0
112.06,1124.21,30,1276.84,111.45,1251.58,110.17,1091.58,110.73,1548.42,109.65,1535.79,107.82,0,0,0,1,0,0,0,0,0,0,1,0,0,0
109.51,1515.25,42,1658.64,108.35,1652.54,107.76,1525.42,107.54,2048.14,105.68,2056.27,104.6,0,0,0,1,0,0,0,0,0,0,1,0,0,0
110.93,1580,46,1737.89,107.93,1727.37,106.81,1600,107.43,2168.42,105.26,2162.11,104.08,0,0,0,1,0,0,0,0,0,0,1,0,0,0
109.6,1485,49,1620,108.31,1674.55,107.75,1542.67,107.65,2018.67,106.73,2061.82,104.99,0,0,0,1,0,0,0,0,0,0,1,0,0,0
110.12,1476,2,1639.29,107.56,1605.82,106.87,1470,106.94,1989.82,106.13,1991.79,104.4,0,0,0,0,1,0,0,0,0,0,1,0,0,0
109.76,1428.84,3,1576.74,108.58,1579.53,106.78,1435.81,107.91,2013.49,106.15,1960.47,104.94,0,0,0,0,1,0,0,0,0,0,1,0,0,0
110.97,1575,4,1722.86,109.28,1702.5,107.56,1580.36,108.25,2141.79,106.89,2126.79,105.6,0,0,0,0,1,0,0,0,0,0,1,0,0,0
108.53,1622.18,5,1749.82,107.96,1754.18,107.05,1625.45,107.19,2196,105.77,2178.55,104.51,0,0,0,0,1,0,0,0,0,0,1,0,0,0
110.61,1537.09,10,1721.45,108.66,1688.57,108.15,1546.07,107.68,2103.33,106.2,2075.56,105.07,0,0,0,0,1,0,0,0,0,0,1,0,0,0
110.49,1487.37,14,1600,108.99,1604.21,108.06,1471.58,107.08,1974.74,106.55,1971.58,105.02,0,0,0,0,1,0,0,0,0,0,1,0,0,0
110.31,1577,42,1744,108.02,1758,107.59,1730,107.19,2120,106.67,2107,104.94,0,0,0,0,1,0,0,0,0,0,1,0,0,0
109.14,680,1,726,108.55,739,107.31,738,106.46,880,107.39,874,105.53,0,0,0,0,1,0,0,0,0,0,1,0,0,0
107.43,1562,3,1714,104.45,1689,103.17,1691,104.16,2033,105.15,2012,103.64,0,0,0,0,0,1,0,0,0,0,1,0,0,0
109.38,1478,6,1629,107.41,1630,106.57,1621,106.46,2058,105.33,2030,104.01,0,0,0,0,0,1,0,0,0,0,1,0,0,0
110.01,1541,7,1719,108.46,1714,107.47,1691,107.89,2119,106.95,2100,106.29,0,0,0,0,0,1,0,0,0,0,1,0,0,0
101.68,1811,20,1843,99.84,1841,99.28,1549,99.93,1881,89.47,1824,88.84,0,0,0,0,0,1,0,0,0,0,1,0,0,0
120.23,935.59,23,1005.76,120.06,980,119.85,857,114.9,2129,80.45,2108,79.5,0,0,0,0,0,1,0,0,0,0,1,0,0,0
111.39,1910.85,24,1926.1,112.03,1909.83,111.89,1921.02,106.19,2100,81.12,2095.93,80.95,0,0,0,0,0,1,0,0,0,0,1,0,0,0
111.69,1673,29,1681,112.12,1681,111.69,1682,109.91,1838,89.67,1877,89.71,0,0,0,0,0,1,0,0,0,0,1,0,0,0
111.34,1525,30,1525,108.08,1497,102.28,1493,96.06,1561,74.65,1523,76.14,0,0,0,0,0,1,0,0,0,0,1,0,0,0
110.65,1234,31,1232,111.01,1226,110.35,1228,109.18,1355,86.24,1321,87.53,0,0,0,0,0,1,0,0,0,0,1,0,0,0
109.97,1197,32,1201,110.83,1177,110.34,1172,108.35,1262,87.06,1252,87.17,0,0,0,0,0,1,0,0,0,0,1,0,0,0
111.24,1982,44,1992,110.87,1992,111.89,1963,109.53,2488,109.28,2364,107.13,0,0,0,0,0,1,0,0,0,0,1,0,0,0
111.85,1915,45,1935,111.82,1892,111.82,1902,109.9,2394,108.94,2323,107.22,0,0,0,0,0,1,0,0,0,0,1,0,0,0
112.96,1954.58,46,1991.19,112.8,1972.88,112.18,1994.24,110.09,2460,110.48,2396.95,108.72,0,0,0,0,0,1,0,0,0,0,1,0,0,0
111.66,1973,47,2002,111.87,1976,111.74,1971,109.75,2459,108.82,2385,106.43,0,0,0,0,0,1,0,0,0,0,1,0,0,0
111.82,2000,49,2031,112.51,2004,112.65,1991,111.16,2534,110.88,2459,108.77,0,0,0,0,0,1,0,0,0,0,1,0,0,0
110.76,876,53,870,109.86,879,110.59,867,108.17,1045,110.62,1020,107.83,0,0,0,0,0,1,0,0,0,0,1,0,0,0
110.85,1861,1,1866,111.32,1864,112.09,1863,110.01,2321,110.17,2245,107.85,0,0,0,0,0,0,1,0,0,0,1,0,0,0
112.58,1925,4,1940,112.9,1892,112.43,1896,110.53,2393,110.44,2348,108.1,0,0,0,0,0,0,1,0,0,0,1,0,0,0
112.47,1841,7,1849,112.51,1832,112.93,1845,111.25,2308,111.01,2250,108.72,0,0,0,0,0,0,1,0,0,0,1,0,0,0
112.1,1874,10,1895,112.28,1899,112.27,1909,110.53,2413,110.6,2335,108.91,0,0,0,0,0,0,1,0,0,0,1,0,0,0
115.07,1908,15,1926,114.84,1922,115.1,1930,113.75,2490,112.62,2427,110.88,0,0,0,0,0,0,1,0,0,0,1,0,0,0
116.02,2226,20,2256,115.43,2212,115.33,2249,114.03,2836,113.61,2749,111.45,0,0,0,0,0,0,1,0,0,0,1,0,0,0
116.13,2013,21,2029,116.04,1986,116.95,2022,115.43,2588,114.85,2530,113.18,0,0,0,0,0,0,1,0,0,0,1,0,0,0
115.5,1986,22,2013,115.6,1973,115.9,2003,114.81,2599,113.56,2548,111.63,0,0,0,0,0,0,1,0,0,0,1,0,0,0
116.14,1902,24,1944,116.42,1944,116.55,1964,114.99,2521,113.76,2451,111.95,0,0,0,0,0,0,1,0,0,0,1,0,0,0
115.45,1351,31,1353,114.48,1329,114.21,1345,113.19,1634,114.14,1580,111.25,0,0,0,0,0,0,1,0,0,0,1,0,0,0
112.78,1375,32,1378,112.83,1375,111.39,1380,108.92,1676,110.68,1608,108.74,0,0,0,0,0,0,1,0,0,0,1,0,0,0
115.51,1883,36,1945,116.14,1927,115.86,1949,114.07,2488,113.32,2400,110.97,0,0,0,0,0,0,1,0,0,0,1,0,0,0
114.14,2015,43,2048,114.77,2016,115.16,2048,113.42,2615,111.86,2554,109.95,0,0,0,0,0,0,1,0,0,0,1,0,0,0
114.7,2001,44,2015,114.93,1969,114.71,1982,113.4,2608,112.29,2547,110.22,0,0,0,0,0,0,1,0,0,0,1,0,0,0
114.24,1999,46,2030,114.69,1978,115.13,2018,112.86,2636,112.21,2547,109.77,0,0,0,0,0,0,1,0,0,0,1,0,0,0
113.3,2114,47,2159,113.58,2149,113.42,2162,111.77,2725,110.7,2674,108.2,0,0,0,0,0,0,1,0,0,0,1,0,0,0
113.3,1942,48,1965,113.65,1922,113.72,1956,112.16,2490,110.85,2439,108.63,0,0,0,0,0,0,1,0,0,0,1,0,0,0
113.17,2079,49,2076,113.54,2072,113.98,2071,111.9,2594,110.72,2533,108.04,0,0,0,0,0,0,1,0,0,0,1,0,0,0
113.32,2057,50,2113,113.96,2102,114.25,2079,112.03,2606,111.4,2545,109.1,0,0,0,0,0,0,1,0,0,0,1,0,0,0
113.65,1353,1,1376,113.73,1351,113.89,1385,112.06,1667,111.85,1645,109.09,0,0,0,0,0,0,0,1,0,0,1,0,0,0
112.05,1899,3,1954,112.72,1900,112.86,1926,110.88,2506,109.79,2452,107.48,0,0,0,0,0,0,0,1,0,0,1,0,0,0
111.14,1910,4,1929,112.14,1927,112.58,1920,110.55,2465,110.51,2392,107,0,0,0,0,0,0,0,1,0,0,1,0,0,0
112.52,1923,9,1957,112.67,1932,112.69,1938,111.01,2407,110.28,2358,107.82,0,0,0,0,0,0,0,1,0,0,1,0,0,0
113.04,2064,10,2069,113.31,2067,114.03,2062,112.36,2634,111.48,2582,109.36,0,0,0,0,0,0,0,1,0,0,1,0,0,0
114.68,1951,13,1985,114.63,1974,115.09,1988,113.24,2581,112.31,2504,109.95,0,0,0,0,0,0,0,1,0,0,1,0,0,0
113.94,2301,16,2307,113.9,2314,114.5,2310,112.94,2883,111.61,2827,109.54,0,0,0,0,0,0,0,1,0,0,1,0,0,0
115.08,1979,18,2022,115.64,2012,115.56,2026,113.57,2590,112.92,2499,110.51,0,0,0,0,0,0,0,1,0,0,1,0,0,0
115.88,2107,21,2111,115.35,2089,115.54,2087,114.04,2695,114.12,2627,111.66,0,0,0,0,0,0,0,1,0,0,1,0,0,0
115.2,2035,22,2040,115.23,2032,115.26,2065,114.27,2619,113.79,2547,111.01,0,0,0,0,0,0,0,1,0,0,1,0,0,0
115.23,2053,25,2098,115.59,2077,115.36,2089,114.51,2676,113.84,2617,111.6,0,0,0,0,0,0,0,1,0,0,1,0,0,0
114.85,2095,26,2123,115.23,2124,115.41,2153,114.27,2707,112.85,2633,110.39,0,0,0,0,0,0,0,1,0,0,1,0,0,0
114.29,1592,30,1615,114.24,1597,113.83,1579,112.21,1899,113.4,1844,110.61,0,0,0,0,0,0,0,1,0,0,1,0,0,0
115.69,1443,31,1477,115.13,1451,114.87,1469,113.63,1727,114.54,1685,112.02,0,0,0,0,0,0,0,1,0,0,1,0,0,0
114.76,1540,33,1553,114.76,1541,115.05,1559,114,2023,114.28,1957,112.13,0,0,0,0,0,0,0,1,0,0,1,0,0,0
114.2,1808,35,1817,113.9,1776,113.96,1838,112.4,2417,112.22,2351,110.09,0,0,0,0,0,0,0,1,0,0,1,0,0,0
107.98,1932,38,1946,110.86,1890,111.92,1914,110.74,2417,99.88,2391,89.98,0,0,0,0,0,0,0,1,0,0,1,0,0,0
108.9,2001,39,2017,111.66,2001,112.7,2001,111.42,2618,110.51,2529,107.66,0,0,0,0,0,0,0,1,0,0,1,0,0,0
109.04,1964,40,1969,111.14,1963,112.24,1965,110.24,2578,108.82,2493,107.67,0,0,0,0,0,0,0,1,0,0,1,0,0,0
106.87,1938,43,1955,110.69,1944,111.64,1937,109.97,2533,109.76,2459,107.02,0,0,0,0,0,0,0,1,0,0,1,0,0,0
112.09,2151,48,2195,112.48,2191,112.99,2181,110.96,2843,110.65,2772,107.89,0,0,0,0,0,0,0,1,0,0,1,0,0,0
111.85,2114,49,2151,112.88,2120,113.44,2155,111.62,2823,110.96,2776,108.63,0,0,0,0,0,0,0,1,0,0,1,0,0,0
112.53,2039,51,2048,113.19,2024,113.86,2025,112.19,2651,112.24,2589,110.09,0,0,0,0,0,0,0,1,0,0,1,0,0,0
116.53,217.89,52,214.74,115.18,216.21,115.7,217.89,114,255.52,113.54,242,111.11,0,0,0,0,0,0,0,1,0,0,1,0,0,0
111.41,1952,7,2016,111.97,1987,112.01,1996,110.26,2537,109.62,2493,107.66,0,0,0,0,0,0,0,0,1,0,1,0,0,0
111.09,1970,8,1997,112.45,1966,112.47,1986,110.53,2588,110.05,2527,108.12,0,0,0,0,0,0,0,0,1,0,1,0,0,0
112.95,2038,10,2044,113.53,2026,113.36,2062,111.54,2661,110.49,2588,108.65,0,0,0,0,0,0,0,0,1,0,1,0,0,0
113.48,2415,14,2464,113.94,2430,113.83,2408,112.12,2371,110.74,2922,108.54,0,0,0,0,0,0,0,0,1,0,1,0,0,0
114.15,2206,15,2235,114.41,910,102.58,2198,112.52,2215,111.66,2734,109.5,0,0,0,0,0,0,0,0,1,0,1,0,0,0
113.91,2168,16,2229,114.63,916,103.18,2257,112.91,2235,112.5,2790,110.69,0,0,0,0,0,0,0,0,1,0,1,0,0,0
114.19,2134,17,2228,114.88,918,102.98,2239,112.81,2178,112.39,2726,110.25,0,0,0,0,0,0,0,0,1,0,1,0,0,0
113.86,2269,23,2273,114.07,956,102.12,2268,112.87,2193,112.15,2744,110.34,0,0,0,0,0,0,0,0,1,0,1,0,0,0
114.51,1735,34,1749,114.62,811,104.77,1725,113.24,1748,113.37,2198,111.39,0,0,0,0,0,0,0,0,1,0,1,0,0,0
114.37,2045,37,2070,114.63,855,103.08,2108,112.94,2055,111.79,2563,108.68,0,0,0,0,0,0,0,0,1,0,1,0,0,0
114.72,2166,41,2190,114.6,867,102.42,2229,113.25,2161,112.36,2690,109.45,0,0,0,0,0,0,0,0,1,0,1,0,0,0
113.97,2166,45,2241,114.41,900,102.03,2259,112.03,2202,111.93,2725,109.04,0,0,0,0,0,0,0,0,1,0,1,0,0,0
114.97,2164,50,2248,115.16,2187,114.62,2212,112.36,2184,112.64,2694,110.03,0,0,0,0,0,0,0,0,1,0,1,0,0,0
114.53,2074,51,2128,114.39,2058,114.01,2110,112.71,2041,112.11,2570,109.71,0,0,0,0,0,0,0,0,1,0,1,0,0,0
110.78,1782,2,2053,116.24,2020,113.93,2056,113.39,2030,111.05,2561,107.94,0,0,0,0,0,0,0,0,0,1,1,0,0,0
109.48,1929,4,2095,115.36,2046,110.48,1801,110.03,1776,102.59,2558,103.04,0,0,0,0,0,0,0,0,0,1,1,0,0,0
114.92,1922,5,2032,116.14,2042,111.59,1990,110.05,1937,108.78,2510,110,0,0,0,0,0,0,0,0,0,1,1,0,0,0
114.88,2102,6,2026,108.89,1901,114.33,2108,109.96,1725,110.05,2344,109.54,0,0,0,0,0,0,0,0,0,1,1,0,0,0
112.62,2033,8,2105,112.98,1896,114.48,2032,112.87,2092,111.85,2575,108.7,0,0,0,0,0,0,0,0,0,1,1,0,0,0
115.03,2117,10,2177,113.1,2144,114.11,2172,112.88,2119,107.06,2647,109.45,0,0,0,0,0,0,0,0,0,1,1,0,0,0
111.28,2057,11,2105,110.79,2140,111.79,2152,111.91,2133,110.33,2613,107.67,0,0,0,0,0,0,0,0,0,1,1,0,0,0
114.28,2159,12,1982,106.26,2023,111.95,1865,112.67,2173,111.32,2714,111.76,0,0,0,0,0,0,0,0,0,1,1,0,0,0
118.1,2278,22,2423,116.94,2506,104.01,2472,90.89,2434,107.66,3024,106.9,0,0,0,0,0,0,0,0,0,1,1,0,0,0
115.39,2298,24,2206,118.36,2326,116.93,2348,113.32,1923,112.97,2553,109.61,0,0,0,0,0,0,0,0,0,1,1,0,0,0
113.93,1380,32,1233,115.59,1240,114.21,1368,115.17,1346,120.34,1616,113.32,0,0,0,0,0,0,0,0,0,1,1,0,0,0
114.95,1355,33,1454,116.13,1448,114.99,1497,114.63,1473,115.4,1813,112.09,0,0,0,0,0,0,0,0,0,1,1,0,0,0
110.79,1748,35,1901,117.36,1871,115.15,1897,112.38,1879,113.75,2186,110.53,0,0,0,0,0,0,0,0,0,1,1,0,0,0
115.74,2093,36,2045,114.53,1864,113.74,1942,114.05,1986,117.85,2547,112.57,0,0,0,0,0,0,0,0,0,1,1,0,0,0
111.45,2135,38,2168,117.85,1888,113.63,2098,109.29,2015,111.56,2584,107.25,0,0,0,0,0,0,0,0,0,1,1,0,0,0
113.23,1979,39,2012,115.44,2170,111.77,2203,113.47,2175,110.68,2659,107.67,0,0,0,0,0,0,0,0,0,1,1,0,0,0
113.9,2543.77,29,2767.92,111.88,2719.25,109.51,2731.7,109.89,3007.92,107.88,3032.83,105.75,1,0,0,0,0,0,0,0,0,0,0,1,0,0
86.47,2426.44,51,2503.73,86.82,2523.05,85.77,2511.86,85.47,2956.27,84.45,2947.12,83.28,1,0,0,0,0,0,0,0,0,0,0,1,0,0
89.83,3063,3,3364,88.07,3354,84.61,3342,84.06,3793,81.35,3812,84.83,0,1,0,0,0,0,0,0,0,0,0,1,0,0
106.47,3368,5,3700,104.32,3702,101.77,3704,102.17,4153,96.72,4148,94.42,0,1,0,0,0,0,0,0,0,0,0,1,0,0
106.38,3155,10,3435,105.32,3442,103.8,3443,105.6,3953,98.6,3975,97.61,0,1,0,0,0,0,0,0,0,0,0,1,0,0
107.85,3088,13,3399,105.41,3380,104.64,3398,105.42,3869,96.45,3904,96,0,1,0,0,0,0,0,0,0,0,0,1,0,0
106.37,3148,18,3442,104.64,3428,103.11,3435,104.9,3706,100.14,3722,99.4,0,1,0,0,0,0,0,0,0,0,0,1,0,0
86.07,3038,22,3276,85.69,3276,81.77,3271,85.86,3649,82,3649,87.73,0,1,0,0,0,0,0,0,0,0,0,1,0,0
108.1,3440,23,3715,105.85,3731,104.43,3729,105.08,4157,98.86,4138,97.89,0,1,0,0,0,0,0,0,0,0,0,1,0,0
107.66,3451,24,3716,104.83,3736,103.26,3722,104.76,4102,100.16,4113,99,0,1,0,0,0,0,0,0,0,0,0,1,0,0
108.57,3154.74,28,3340,107.51,3349.47,106.09,3353.68,106.76,3510.53,103.1,3580,103.62,0,1,0,0,0,0,0,0,0,0,0,1,0,0
112.08,2675.79,33,2977.89,109.76,2964.21,107.86,2974.74,107.75,3512.63,103.62,3509.47,102.11,0,1,0,0,0,0,0,0,0,0,0,1,0,0
109.93,3126,35,3409,107.19,3443,105.26,3445,105.4,3800,100.15,3816,98.83,0,1,0,0,0,0,0,0,0,0,0,1,0,0
88.94,3325,40,3589.66,90.78,3545,82.23,3540,88.2,3908,82.95,3916,87.55,0,1,0,0,0,0,0,0,0,0,0,1,0,0
106.01,3073,42,3338,102.35,3355,99.59,3358,100.37,3591,92.19,3597,91.35,0,1,0,0,0,0,0,0,0,0,0,1,0,0
105.43,3345,43,3638,103.13,3661,100.88,3634,101.49,3924,96.69,3928,97.06,0,1,0,0,0,0,0,0,0,0,0,1,0,0
107.54,3271,44,3544,104.69,3552,102.77,3577,104.1,3972,98.87,3983,98.25,0,1,0,0,0,0,0,0,0,0,0,1,0,0
106.85,3419,45,3742,103.94,3765,102.07,3744,102.6,4043,98.62,4056,97.41,0,1,0,0,0,0,0,0,0,0,0,1,0,0
105.41,3304,49,3669,101.84,3644,99.12,3641,100.6,3871,95.35,3871,95.03,0,1,0,0,0,0,0,0,0,0,0,1,0,0
114.07,1477,52,1618,113.38,1630,111.37,1626,109.43,1809,109.34,1806,108.33,0,1,0,0,0,0,0,0,0,0,0,1,0,0
104.36,3313,4,3591,102.11,3592,99.84,3573,101.4,3862,97.06,3866,95.91,0,0,1,0,0,0,0,0,0,0,0,1,0,0
101.9,3213,6,3428,100.66,3431,98.81,3391,100.19,3790,89.47,3779,91.45,0,0,1,0,0,0,0,0,0,0,0,1,0,0
106.19,3360,22,3649,105.02,3642,103.91,3193,105.65,3945,99.39,3962,98.71,0,0,1,0,0,0,0,0,0,0,0,1,0,0
108.2,3484,25,3753,104.89,3756,102.89,3765,104.52,3970,96.51,3983,98.91,0,0,1,0,0,0,0,0,0,0,0,1,0,0
110.46,2786.25,29,3099.23,108.46,3028.97,106.42,2943.75,107.9,3406.67,103.2,2992.26,103.58,0,0,1,0,0,0,0,0,0,0,0,1,0,0
112.61,2323.85,31,2486.67,111.5,2616,109.79,2380,110.6,2808,108.92,2766.92,107.13,0,0,1,0,0,0,0,0,0,0,0,1,0,0
107,3340,35,3534,104.62,3583,101.57,3587,101.8,3769,93.57,3782,95.94,0,0,1,0,0,0,0,0,0,0,0,1,0,0
106.21,3211,38,3483,104.61,3493,102.13,3504,103.6,3787,97.2,3789,96.79,0,0,1,0,0,0,0,0,0,0,0,1,0,0
91.6,3309.55,40,3649.09,91.94,3643.64,86.59,3706.36,90.36,3724.09,87.5,3743.18,88.89,0,0,1,0,0,0,0,0,0,0,0,1,0,0
105.71,3499.46,41,3935.68,101.51,3974.59,99.69,3851.35,101.73,4091.35,94.77,4114.05,95.02,0,0,1,0,0,0,0,0,0,0,0,1,0,0
104.99,3414.12,42,3680,101.72,3740,99.45,3735.29,99.76,3891.76,96.88,3849.41,95.53,0,0,1,0,0,0,0,0,0,0,0,1,0,0
105.07,3456,47,3749,102.11,3740,100.37,3722,99.92,4042,97.69,4030,96.66,0,0,1,0,0,0,0,0,0,0,0,1,0,0
105.18,3391,48,3656,102.05,3688,100.12,3661,100.91,4046,97.53,4045,96.93,0,0,1,0,0,0,0,0,0,0,0,1,0,0
105.46,3263,49,3574,101.43,3588,99.33,3576,100.8,3936,97.32,3916,95.37,0,0,1,0,0,0,0,0,0,0,0,1,0,0
103.74,3486,50,3741,101.28,3796,100.2,3800,100.57,4037,97.54,4040,97.38,0,0,1,0,0,0,0,0,0,0,0,1,0,0
116.29,175.71,52,192.41,116.13,190.17,113.15,193.45,112.88,212.54,114.14,217.63,111.36,0,0,1,0,0,0,0,0,0,0,0,1,0,0
113.96,257.14,1,271.07,113.91,282.55,112.03,266.9,110.5,268.97,111.83,259.32,108.88,0,0,0,1,0,0,0,0,0,0,0,1,0,0
104.46,3487,9,3754,102.63,3754,100.61,3755,101.44,4080,97.98,4085,97.42,0,0,0,1,0,0,0,0,0,0,0,1,0,0
106.06,3306.67,10,3459.13,103.97,3510,102.57,3584,104.79,3877.83,100.22,3853.04,99.66,0,0,0,1,0,0,0,0,0,0,0,1,0,0
102.89,3272,17,3525,100.17,3534,93.91,3152,96.98,3903,91.34,3922,93.7,0,0,0,1,0,0,0,0,0,0,0,1,0,0
106.48,3030,21,3183.46,103.9,3249.23,101.01,3229.62,101.73,3924.23,97.54,3941.54,96.32,0,0,0,1,0,0,0,0,0,0,0,1,0,0
105,3288.89,23,3382.22,104.32,3375.56,102.23,3009.06,104.06,3781.11,100.93,3826.67,100.62,0,0,0,1,0,0,0,0,0,0,0,1,0,0
102.73,3482.07,27,3792.41,99.02,3760.34,95.95,3255.52,95.47,3985.86,93.56,3968.28,97.65,0,0,0,1,0,0,0,0,0,0,0,1,0,0
112.61,2499.31,31,2698.97,110.07,2691.72,107.69,2379.31,108.89,2962.76,107.28,2976.21,105.78,0,0,0,1,0,0,0,0,0,0,0,1,0,0
107.47,3487.24,36,3760.34,104.87,3768.62,102.16,3305.17,103.51,4344.83,99.03,4360.34,98.32,0,0,0,1,0,0,0,0,0,0,0,1,0,0
84.46,3277.24,41,3616.55,83.37,3571.03,79.75,3153.1,80.76,4101.72,85.09,4097.59,91.44,0,0,0,1,0,0,0,0,0,0,0,1,0,0
105.93,3218.28,43,3497.59,102.35,3503.79,100.76,3095.17,102.15,4011.72,97.01,4014.83,96.66,0,0,0,1,0,0,0,0,0,0,0,1,0,0
86.59,3348.42,50,3683.16,86.82,3689.47,84.36,3255.79,83.52,4221.05,85.85,4203.16,91.76,0,0,0,1,0,0,0,0,0,0,0,1,0,0
82.12,3280.75,5,3606.79,83.49,3641.89,79.97,3193.58,77.38,4138.87,81.75,4166.04,88.94,0,0,0,0,1,0,0,0,0,0,0,1,0,0
77.58,3382.64,7,3716.6,81.15,3661.13,77.27,3211.7,76.39,4238.49,80.48,4235.09,87.02,0,0,0,0,1,0,0,0,0,0,0,1,0,0
88.58,3245,36,3543,87.6,3515,86.34,3479,86.07,4008,88.28,3991,92.38,0,0,0,0,1,0,0,0,0,0,0,1,0,0
78.88,3332,39,3594,82.05,3590,77.55,3562,84.24,4195,87.09,4211,92.16,0,0,0,0,1,0,0,0,0,0,0,1,0,0
77.7,3343,44,3701,78.52,3667,77.48,3620,77.78,4223,83.72,4225,90.85,0,0,0,0,1,0,0,0,0,0,0,1,0,0
72.59,3297,47,3690,77.29,3683,76.15,3660,75.86,4272,80.82,4276,86.18,0,0,0,0,1,0,0,0,0,0,0,1,0,0
110.97,1596,1,1750,109.77,1759,108.92,1731,107.22,1974,108.21,1929,106.88,0,0,0,0,1,0,0,0,0,0,0,1,0,0
60.54,3055,3,3346,70.09,3331,68.1,3303,71.98,3886,72.38,3882,77.52,0,0,0,0,0,1,0,0,0,0,0,1,0,0
72.69,3383,4,3672,75.61,3662,72.36,3212,73.44,4175,81.29,4149,87.59,0,0,0,0,0,1,0,0,0,0,0,1,0,0
116.32,2837,31,2870,116.46,2840,116.31,2901,114.82,3364,114.02,3279,111.48,0,0,0,0,0,0,1,0,0,0,0,1,0,0
106.53,3455,50,3470,107.91,3470,107.34,3467,104.5,3945,102.17,3852,96.3,0,0,0,0,0,0,0,1,0,0,0,1,0,0
68.93,3093,51,3145,69.01,3010,66.21,3063,72.78,3944,107.24,3855,107.22,0,0,0,0,0,0,0,1,0,0,0,1,0,0
117.18,3401,34,3461,117.25,1276,103.4,3471,115.35,3417,113.75,4288,111.18,0,0,0,0,0,0,0,0,1,0,0,1,0,0
114.58,3101,30,3140,118.37,3390,114.59,3478,114.21,3314,112.26,4185,109.22,0,0,0,0,0,0,0,0,0,1,0,1,0,0
115.87,3022,31,3085,116.64,2986,115.68,3188,114.65,2896,116.1,3595,112.42,0,0,0,0,0,0,0,0,0,1,0,1,0,0
118.7,3148,33,3117,120.2,3227,112.56,3083,114.39,2663,115.29,3595,111.49,0,0,0,0,0,0,0,0,0,1,0,1,0,0
40.85,2784.41,36,3143.39,50.92,3182.03,52.4,3210.51,55.63,3493.22,67.88,3499.32,76.66,1,0,0,0,0,0,0,0,0,0,0,0,1,0
40.77,2923,39,3385,52.84,3394,59.31,3442,63.34,3915,67.06,3908,77.31,1,0,0,0,0,0,0,0,0,0,0,0,1,0
47.73,3269,40,3682,55.25,3671,56.85,3720,66.58,4051,69.62,4063,77.62,1,0,0,0,0,0,0,0,0,0,0,0,1,0
85.61,3385,42,3651,86.5,3688,81.93,3684,88.92,3786,74.51,3793,81.93,1,0,0,0,0,0,0,0,0,0,0,0,1,0
107.88,3275,47,3601,105.01,3608,102.99,3607,104.11,3790,88.36,3808,86.55,1,0,0,0,0,0,0,0,0,0,0,0,1,0
87.87,2497,51,2644,85.55,2651,86.22,2639,87.25,2880,86.58,2879,85.32,1,0,0,0,0,0,0,0,0,0,0,0,1,0
48.37,3074,11,3489,54.15,3510,50.84,3529,54.1,3905,66.51,3912,78.83,0,1,0,0,0,0,0,0,0,0,0,0,1,0
74.37,3234,12,3581,78.05,3580,77.98,3599,76.88,3861,66.95,3867,81.73,0,1,0,0,0,0,0,0,0,0,0,0,1,0
105.84,3205,13,3510,103.83,3530,97.58,3538,95.33,3899,73.52,3910,84.33,0,1,0,0,0,0,0,0,0,0,0,0,1,0
105.09,3231,18,3520,103.48,3519,102.29,3505,105.01,3686,100.53,3718,100,0,1,0,0,0,0,0,0,0,0,0,0,1,0
106.18,3384,19,3718,102.53,3704,100.37,3712,103.61,3910,98.63,3971,96.87,0,1,0,0,0,0,0,0,0,0,0,0,1,0
110.56,3122.11,30,3391.58,108.12,3415.79,105.6,3409.47,106.96,3473.68,102.66,3493.68,100.75,0,1,0,0,0,0,0,0,0,0,0,0,1,0
104.93,3484,34,3801,101.46,3799,100.33,3814,102.18,3888,94.35,3897,91.75,0,1,0,0,0,0,0,0,0,0,0,0,1,0
85.19,3343,40,3730,82.4,3755,81.61,3789,83.65,3858,75.16,3868,84.04,0,1,0,0,0,0,0,0,0,0,0,0,1,0
92.72,3423,41,3712,87.8,3724,75.19,3747,75.2,3842,64.8,3846,74.62,0,1,0,0,0,0,0,0,0,0,0,0,1,0
105.84,3354,43,3661,103.85,3632,102.67,3650,103.09,3702,96.81,3717,97.31,0,1,0,0,0,0,0,0,0,0,0,0,1,0
104.18,3316,49,3612,100.96,3646,97.57,3631,100.02,3685,95.33,3701,95.25,0,1,0,0,0,0,0,0,0,0,0,0,1,0
101.29,3208,50,3521,96.95,3531,93.81,3561,95.54,3504,94.97,3509,93.84,0,1,0,0,0,0,0,0,0,0,0,0,1,0
102.61,3315,5,3609,99.77,3640,98.25,3628,100.6,3750,91.93,3734,93.31,0,0,1,0,0,0,0,0,0,0,0,0,1,0
54.74,3427,7,3779,66.37,3792,73.26,3776,81.91,3864,75.87,3869,87,0,0,1,0,0,0,0,0,0,0,0,0,1,0
109.48,3370,8,3639,107.22,3658,104.02,3647,104.54,3688,101.8,3699,100.25,0,0,1,0,0,0,0,0,0,0,0,0,1,0
104.51,3498,21,3838,101.66,3871,100.7,3826,103.74,3905,98.74,3933,99.52,0,0,1,0,0,0,0,0,0,0,0,0,1,0
108.9,3113,33,3385,105.82,3417,104.77,3394,105.97,3678,101.19,3682,100.8,0,0,1,0,0,0,0,0,0,0,0,0,1,0
77.15,3202,38,3554,78.26,3530,73.58,3531,74.69,3563,74.68,3574,85.98,0,0,1,0,0,0,0,0,0,0,0,0,1,0
102.68,3384,42,3666.67,100.06,3661.33,98.19,3677.33,99.22,3564,98.09,3612,96.72,0,0,1,0,0,0,0,0,0,0,0,0,1,0
115.79,313.22,52,336,116.39,337,114.98,324,113.5,387.46,113.74,383,112.56,0,0,1,0,0,0,0,0,0,0,0,0,1,0
38.84,2429.47,3,2565.26,44.99,2604.21,43.92,2626.32,48.35,2789.47,60.65,2781.05,68.41,0,0,0,1,0,0,0,0,0,0,0,0,1,0
53.61,3255.85,6,3631.7,60.12,3620.38,61.65,3585.56,75.31,3748.3,70.56,3740.38,82.61,0,0,0,1,0,0,0,0,0,0,0,0,1,0
104.64,3446.44,13,3735.25,102.5,3761.69,100.76,3780,102.43,3996.61,95.94,4010.85,97.5,0,0,0,1,0,0,0,0,0,0,0,0,1,0
106.28,3247.24,14,3542.07,104.22,3554.48,102.64,3525.52,105.42,3699.31,102.05,3715.86,101.9,0,0,0,1,0,0,0,0,0,0,0,0,1,0
85.33,3205,20,3422,79.99,3447,77.16,3473,75.64,3701,68.46,3703,71.42,0,0,0,1,0,0,0,0,0,0,0,0,1,0
107.78,3232.63,23,3443.16,105.74,3465.26,101.3,2920,103.89,3688.42,97.13,3695.79,99.27,0,0,0,1,0,0,0,0,0,0,0,0,1,0
106.46,3429.82,24,3598.91,104.22,3570.55,101.57,2970,103.74,3877.5,99.37,3870,98.87,0,0,0,1,0,0,0,0,0,0,0,0,1,0
106.38,3317.89,29,3666.32,102.37,3675.79,101.08,3195.79,103.95,4006.32,101.17,4034.74,100.72,0,0,0,1,0,0,0,0,0,0,0,0,1,0
109.77,2962.76,31,3201.72,107.55,3185.17,105.58,2821.03,106.6,3436.55,104.45,3438.62,103.1,0,0,0,1,0,0,0,0,0,0,0,0,1,0
110.01,3191.38,33,3423.1,107.53,3453.1,106.22,3004.14,107.46,3578.28,104.25,3594.83,103.91,0,0,0,1,0,0,0,0,0,0,0,0,1,0
78.47,3102.41,42,3437.59,80.21,3492.41,74.36,2959.66,72.94,4018.97,76.36,4057.24,85.25,0,0,0,1,0,0,0,0,0,0,0,0,1,0
16.99,1262.14,47,1503.33,19.84,1302.35,21.2,1186.07,36.11,2091.43,97.05,2117.45,103.7,0,0,0,1,0,0,0,0,0,0,0,0,1,0
49.14,3060,49,3343.33,56.46,3376.67,55.09,2845.56,61.55,3805.56,72.63,3800,82.21,0,0,0,1,0,0,0,0,0,0,0,0,1,0
107.89,1911.11,52,2126.67,105.26,2128.36,102.39,1845.56,102.31,2286.67,102.27,2304.44,100.5,0,0,0,1,0,0,0,0,0,0,0,0,1,0
46.01,3218.95,13,3663.16,58.92,3687.37,62.46,3105.26,52.97,4029.47,72.26,4043.16,86.52,0,0,0,0,1,0,0,0,0,0,0,0,1,0
50.31,3220.68,15,3522.71,57.92,3515.59,61.44,2960.34,65.44,3974.24,71.1,3983.39,81.53,0,0,0,0,1,0,0,0,0,0,0,0,1,0
56.76,3186,40,3538,60.42,3572,55.65,3545,59.3,4034,74.43,4039,84.62,0,0,0,0,1,0,0,0,0,0,0,0,1,0
53.64,3137,44,3506,59.36,3537,63.1,3524,64.71,3784,65.85,3787,77.21,0,0,0,0,1,0,0,0,0,0,0,0,1,0
67.77,3297,46,3638,69.43,3690,66.23,3688,69.55,4164,74.74,4191,84.6,0,0,0,0,1,0,0,0,0,0,0,0,1,0
54.76,3202,47,3554,64.14,3552,59,3550,60.82,4043,71.34,4039,82.32,0,0,0,0,1,0,0,0,0,0,0,0,1,0
40.12,2924,48,3243,51.51,3227,52.94,3227,61.8,3678,72.39,3685,84.33,0,0,0,0,1,0,0,0,0,0,0,0,1,0
111.86,2079,1,2267,109.69,2271,108.11,2294,107.22,2552,106.93,2546,105.4,0,0,0,0,1,0,0,0,0,0,0,0,1,0
104.85,3219,2,3541,101.25,3586,99.3,3565,100.53,4056,95.6,4035,96.07,0,0,0,0,0,1,0,0,0,0,0,0,1,0
55.56,2903,3,3195,65.14,3198,60.4,3194,63.52,3486,74.1,3505,83.83,0,0,0,0,0,1,0,0,0,0,0,0,1,0
105.19,1265,19,1329,102.6,1323,102.04,1128,102.37,1360,92.36,1222,90.45,0,0,0,0,0,1,0,0,0,0,0,0,1,0
111.52,3444,52,3491,111.46,3490,110.79,3523,107.69,3976,107.09,3891,105.3,0,0,0,0,0,1,0,0,0,0,0,0,1,0
115.33,3044,11,3077,115.51,3069,114.95,3117,112.65,3848,110.26,3775,108.86,0,0,0,0,0,0,1,0,0,0,0,0,1,0
116.52,3376,30,3400,116.15,3419,116.33,3465,114.58,3708,113.48,3630,110.99,0,0,0,0,0,0,1,0,0,0,0,0,1,0
117.02,3166,31,3265,117.05,3265,117.2,3305,114.81,3657,113.93,3576,111.02,0,0,0,0,0,0,1,0,0,0,0,0,1,0
116.03,3134,32,3192,115.58,3191,115.12,3213,112.24,3672,112.03,3602,109.03,0,0,0,0,0,0,1,0,0,0,0,0,1,0
114.73,3403,38,3500,115.07,3465,114.71,3524,113,4240,111.02,4150,109.07,0,0,0,0,0,0,1,0,0,0,0,0,1,0
114.57,3414,18,3503,114.68,3475,114.67,3522,112.11,4118,110.36,4049,108.52,0,0,0,0,0,0,0,1,0,0,0,0,1,0
116.3,458,52,460,116.5,463,115.93,471,114.95,515,115.02,518,112.42,0,0,0,0,0,0,0,1,0,0,0,0,1,0
109.14,3265,18,3921,114.79,3342,111.36,3589,108.55,2874,108.91,4311,108.47,0,0,0,0,0,0,0,0,0,1,0,0,1,0
115.45,3210,32,2941,119.92,3534,118.23,3567,115.19,2954,116.84,3679,111.63,0,0,0,0,0,0,0,0,0,1,0,0,1,0
114.41,3434,33,3780,118.31,3502,113.35,3878,112.44,2989,118.21,3966,109.06,0,0,0,0,0,0,0,0,0,1,0,0,1,0
106.34,3092.5,22,3242.5,103.63,3222.5,102.38,3255,103.42,3472.5,99.8,3491.25,97.3,1,0,0,0,0,0,0,0,0,0,0,0,0,1
108.78,2696.33,25,2894.69,106.96,2931.43,105.09,2935.1,105.27,3222.86,98.97,3232.65,98.95,1,0,0,0,0,0,0,0,0,0,0,0,0,1
109.51,2857.09,27,3030.55,107.89,3065.45,105.83,3052.36,106.75,3139.64,103.25,3170.18,101.13,1,0,0,0,0,0,0,0,0,0,0,0,0,1
111.17,2406.25,29,2631.25,108.67,2618.75,106.56,2635,106.61,2845,104.67,2850,102.11,1,0,0,0,0,0,0,0,0,0,0,0,0,1
111.37,2555,34,2735,108.96,2777.5,106.95,2765,107.49,3007.5,102.69,2997.5,100.47,1,0,0,0,0,0,0,0,0,0,0,0,0,1
110.25,2794,38,2984,109.04,3036,106.88,3020,106.65,3163,103.2,3156,100.96,1,0,0,0,0,0,0,0,0,0,0,0,0,1
111.28,2678,40,2881,108.36,2917,106.7,2909,106.65,3208,102.12,3171,99.48,1,0,0,0,0,0,0,0,0,0,0,0,0,1
102.11,3313,43,3481,100.31,3509,99.82,3507,101.61,3708,97.29,3698,94.68,1,0,0,0,0,0,0,0,0,0,0,0,0,1
108.35,3073.22,45,3293.79,106.67,3316.55,105.25,3320.69,105.59,3385.86,100.86,3368.28,98.34,1,0,0,0,0,0,0,0,0,0,0,0,0,1
111.12,2263,1,2470,108.74,2480,105.12,2491,103.54,2717,98.35,2698,97.29,0,1,0,0,0,0,0,0,0,0,0,0,0,1
95.93,3149,3,3340,95.56,3369,96.87,3354,98.72,3336,89.69,3324,86.81,0,1,0,0,0,0,0,0,0,0,0,0,0,1
111.11,2725,5,2881,108.54,2911,105.98,2928,106.33,3083,102.86,3050,98.8,0,1,0,0,0,0,0,0,0,0,0,0,0,1
108.39,2712,8,2924,105.57,2955,103.41,2925,104.69,3090,101.31,3068,99.17,0,1,0,0,0,0,0,0,0,0,0,0,0,1
105.76,3221,13,3424,103.58,3453,102.14,3422,104.03,3447,97.61,3457,96.36,0,1,0,0,0,0,0,0,0,0,0,0,0,1
105.64,3284,15,3502,103.81,3510,99.56,3530,101.52,3606,95.73,3627,96.11,0,1,0,0,0,0,0,0,0,0,0,0,0,1
106.54,2964,17,3161,103.97,3175,102.02,3161,104.11,3229,100.31,3214,99.58,0,1,0,0,0,0,0,0,0,0,0,0,0,1
106.31,2816,18,2984,105.36,3009,104.49,3033,105.68,3284,100.56,3244,100.18,0,1,0,0,0,0,0,0,0,0,0,0,0,1
106.98,3043,20,3236,104.78,3238,103.5,3231,103.83,3260,99.98,3268,97.8,0,1,0,0,0,0,0,0,0,0,0,0,0,1
88.96,2634,21,2902,90.54,2959,88.54,3026,92.73,3285,92.3,3319,93.34,0,1,0,0,0,0,0,0,0,0,0,0,0,1
105.3,3048,22,3254,102.73,3265,101.2,3263,101.8,3231,98.36,3191,95.89,0,1,0,0,0,0,0,0,0,0,0,0,0,1
109.37,2675.09,28,2874.34,107.85,2898.11,105.97,2880,106.26,2929.81,103.55,2915.09,104.83,0,1,0,0,0,0,0,0,0,0,0,0,0,1
108.74,2737.5,30,2844.64,107.04,2850,105.89,2837.14,105.02,2878.93,102.35,2905.71,101.28,0,1,0,0,0,0,0,0,0,0,0,0,0,1
110.69,2490.55,32,2742.55,108.98,2729.45,107.77,2734.91,108.31,2847.27,105.43,2779.64,104.97,0,1,0,0,0,0,0,0,0,0,0,0,0,1
109.93,2761.02,33,2963.39,108.33,2980.68,106.15,2960.34,106.5,3152.54,102.42,3161.69,101.3,0,1,0,0,0,0,0,0,0,0,0,0,0,1
103.81,3020,43,3222,102,3242,100.62,3238,101.36,3312,98.11,3303,96.53,0,1,0,0,0,0,0,0,0,0,0,0,0,1
107.15,2990,49,3195,103.24,3200,95.88,3214,97.96,3225,95.78,3227,94.89,0,1,0,0,0,0,0,0,0,0,0,0,0,1
103.64,2998,50,3156,100.3,3198,97.01,3177,98.89,3099,98.6,3088,96.2,0,1,0,0,0,0,0,0,0,0,0,0,0,1
110.91,2600,2,2726,109.67,2762,106.02,2741,106.64,2870,102.71,2885,101.83,0,0,1,0,0,0,0,0,0,0,0,0,0,1
106.26,3087,3,3287,99.67,3333,92.91,3311,98.6,3304,95.71,3271,95.69,0,0,1,0,0,0,0,0,0,0,0,0,0,1
88.25,3008,4,3207,82.32,3240,86.63,3246,96.9,3134,94.67,3118,95.37,0,0,1,0,0,0,0,0,0,0,0,0,0,1
103.9,3019,6,3227,100.67,3237,96.93,3228,97.32,3135,86.54,3116,91.21,0,0,1,0,0,0,0,0,0,0,0,0,0,1
108.14,2886,9,3057,106.27,3058,104.15,3051,104.4,3210,101.11,3171,99.64,0,0,1,0,0,0,0,0,0,0,0,0,0,1
107.92,2826,10,3018,105.95,3080,103.64,3071,104.21,3130,101.67,3138,100.22,0,0,1,0,0,0,0,0,0,0,0,0,0,1
108.65,2671.15,12,2866.15,104.3,2940,103.64,2927.31,105.56,3018.46,102.1,2955,101.21,0,0,1,0,0,0,0,0,0,0,0,0,0,1
105.28,3149,15,3295,102.02,3312,100.02,3305,100.96,3105,99.26,3124,98.03,0,0,1,0,0,0,0,0,0,0,0,0,0,1
104.23,3316,17,3532,101.91,3550,99.34,3525,101.45,3637,96.82,3596,91.9,0,0,1,0,0,0,0,0,0,0,0,0,0,1
105.23,3111,21,3274,103.67,3298,102.58,3307,104.02,3404,99.29,3382,98.9,0,0,1,0,0,0,0,0,0,0,0,0,0,1
106.63,3109,36,3303,103.69,3335,101.88,3317,103.95,3312,99.72,3308,99.91,0,0,1,0,0,0,0,0,0,0,0,0,0,1
104.02,3399.62,43,3587.55,102.21,3542.26,100.94,3507.17,101.67,3541.13,97.3,3547.92,95.33,0,0,1,0,0,0,0,0,0,0,0,0,0,1
105.12,3058.89,44,3231.11,102.75,3241.11,101.07,3251.11,101.97,3371.11,97.83,3382.22,96.48,0,0,1,0,0,0,0,0,0,0,0,0,0,1
104.95,3306,46,3426,102.35,3457,100.64,3465,101,3469,98.4,3470,97.01,0,0,1,0,0,0,0,0,0,0,0,0,0,1
88.19,3281,47,3474,85.99,3504,79,3507,80.69,3338,79.78,3336,86.81,0,0,1,0,0,0,0,0,0,0,0,0,0,1
105.52,2893,51,3100,101.64,3112,100.12,3091,99.77,3081,100.51,3060,98.85,0,0,1,0,0,0,0,0,0,0,0,0,0,1
117.25,932,52,982,117.1,981,114.66,969,113.72,1117,113.03,1107,110.86,0,0,1,0,0,0,0,0,0,0,0,0,0,1
109.76,2510,8,2689,107.71,2729,105.45,2743,104.95,2916,103.73,2922,101.9,0,0,0,1,0,0,0,0,0,0,0,0,0,1
105.76,3267.69,10,3483.46,102.56,3471.92,99.35,3426.92,102.84,3369.23,99.95,3346.15,99.26,0,0,0,1,0,0,0,0,0,0,0,0,0,1
105.94,2724.44,11,2921.11,105.45,2961.11,103.31,2972.22,104.4,2988.89,102.7,2985.56,101.39,0,0,0,1,0,0,0,0,0,0,0,0,0,1
107.79,2834.24,12,3037.63,105.57,3076.27,102.86,3088.47,103.57,3140.34,102.37,3130.17,100.63,0,0,0,1,0,0,0,0,0,0,0,0,0,1
108.66,2762.07,27,2928.62,106.93,2943.1,104.54,2670,105.27,3103.45,102.14,3121.03,100.96,0,0,0,1,0,0,0,0,0,0,0,0,0,1
105.72,2817.27,32,2880,103.24,2904.55,101.67,2757.27,101.49,3030,100.29,3005.45,98.6,0,0,0,1,0,0,0,0,0,0,0,0,0,1
103.6,2973.68,38,3110.53,100.39,3169.47,99.27,2909.47,102.33,3212.63,99.14,3190.53,97.27,0,0,0,1,0,0,0,0,0,0,0,0,0,1
106.04,3021.05,39,3223.16,103.66,3195.79,102.29,2950.53,104.08,3244.21,101.63,3244.21,100.05,0,0,0,1,0,0,0,0,0,0,0,0,0,1
107.5,2773.68,40,2966.32,104.06,2982.11,103.34,2684.21,105.59,3011.58,101.45,3007.37,100.72,0,0,0,1,0,0,0,0,0,0,0,0,0,1
105.46,2951.38,43,3136.55,101.74,3138.62,99.86,2923.45,101.48,3357.93,97.43,3366.21,96.01,0,0,0,1,0,0,0,0,0,0,0,0,0,1
106.04,2874.89,45,3070.21,102.93,3127.66,100.42,2906.81,101.88,3155.74,100.01,3116.17,98.97,0,0,0,1,0,0,0,0,0,0,0,0,0,1
105.02,3074.48,49,3241.03,101.81,3286.55,98.68,3001.03,99.4,3372.41,95.69,3370.34,95.52,0,0,0,1,0,0,0,0,0,0,0,0,0,1
69.62,2940,50,3215.79,68.02,3234.74,62.67,2920.34,77.3,3269.47,83.08,3275.79,87.45,0,0,0,1,0,0,0,0,0,0,0,0,0,1
109.02,2433.96,2,2558.49,106.38,2591.32,103.58,2338.87,104.06,2724.91,101.76,2737.36,99.58,0,0,0,0,1,0,0,0,0,0,0,0,0,1
104.78,2800,3,2969.47,99.1,2988.42,94.71,2704.21,100.52,3036.84,99.31,3024.21,98.49,0,0,0,0,1,0,0,0,0,0,0,0,0,1
109.9,2632.22,6,2813.33,106.91,2820,105.38,2592.22,105.55,2978.89,104.44,2997.78,101.94,0,0,0,0,1,0,0,0,0,0,0,0,0,1
108.63,2728.42,12,2903.16,105.85,2924.21,103.81,2686.32,103.8,3127.37,102.56,3134.74,100.93,0,0,0,0,1,0,0,0,0,0,0,0,0,1
102.62,3043.45,13,3252.41,96.29,3294.83,95.27,3061.03,98.25,3491.38,96.97,3497.59,98.37,0,0,0,0,1,0,0,0,0,0,0,0,0,1
108.15,2915.59,14,3164.75,104.84,3183.05,102.48,2931.86,103.03,3328.47,99.97,3332.54,100.35,0,0,0,0,1,0,0,0,0,0,0,0,0,1
105.84,2550,18,2804.48,103.6,2800.34,102.95,2811.72,103.23,3036.21,101.64,3035.17,100.54,0,0,0,0,1,0,0,0,0,0,0,0,0,1
104.89,3088.97,38,3272.07,102.43,3273.1,101.26,3280.34,102.65,3368.28,99.9,3381.72,99.5,0,0,0,0,1,0,0,0,0,0,0,0,0,1
105.29,3206,39,3344,102.29,3330,101.85,3349,103.13,3410,99.69,3406,99.25,0,0,0,0,1,0,0,0,0,0,0,0,0,1
111.24,2433,52,2642,108.45,2642,106.55,2651,105.9,2925,104.5,2881,102.78,0,0,0,0,1,0,0,0,0,0,0,0,0,1
111.03,2270,1,2459,108,2444,106.44,2456,106.11,2675,104.69,2654,103.26,0,0,0,0,1,0,0,0,0,0,0,0,0,1
109.83,2420,2,2587,106.9,2605,104.88,2614,105.48,2701,104.24,2700,102.48,0,0,0,0,0,1,0,0,0,0,0,0,0,1
97.5,2876,20,2972,94.13,2964,94.22,2348,93.89,2666,84.55,2561,82.69,0,0,0,0,0,1,0,0,0,0,0,0,0,1
117.89,1602,23,1700,117.12,1646,117.66,1458,111.25,2548,72.86,2764,74.07,0,0,0,0,0,1,0,0,0,0,0,0,0,1
109.27,3041.69,26,3093.56,110.21,3073.22,110.01,3103.73,108.47,2865.76,81.11,2886.1,81.21,0,0,0,0,0,1,0,0,0,0,0,0,0,1
109.34,3137.29,28,3169.83,110.13,3154.58,110,3188.14,108.48,3056.95,83.28,3062.03,83.56,0,0,0,0,0,1,0,0,0,0,0,0,0,1
111.15,2731,30,2736,107.51,2754,99.62,2770,92.12,2586,67.95,2578,69.54,0,0,0,0,0,1,0,0,0,0,0,0,0,1
108.59,2754,32,2785,109.18,2774,109.79,2804,107.31,2608,80.74,2591,80.1,0,0,0,0,0,1,0,0,0,0,0,0,0,1
20.85,1376.95,35,1344.83,15.84,1160.34,12.42,1003.73,45.67,791.19,17.58,926.44,67.43,0,0,0,0,0,1,0,0,0,0,0,0,0,1
110.88,3313.45,44,3355.86,110.15,3343.45,109.46,3372.41,107.73,3551.38,105.63,3452.07,104.38,0,0,0,0,0,1,0,0,0,0,0,0,0,1
112.06,3285,47,3359,111.84,3339,111.15,3347,108.35,3460,108.06,3399,106.16,0,0,0,0,0,1,0,0,0,0,0,0,0,1
109.96,3098,48,3122,109.39,3131,109.2,3164,106.88,3295,105.9,3231,104.07,0,0,0,0,0,1,0,0,0,0,0,0,0,1
111.41,3434,50,3488,110.77,3500,109.06,3515,106.37,3642,105.4,3524,104.1,0,0,0,0,0,1,0,0,0,0,0,0,0,1
112.04,2972,52,3021,111.23,3052,111.05,3047,108.13,3309,107.91,3256,105.84,0,0,0,0,0,1,0,0,0,0,0,0,0,1
113.79,2819,53,2850,113,2851,112.17,2847,110.42,3139,109.2,3037,107.83,0,0,0,0,0,1,0,0,0,0,0,0,0,1
113.26,3200,5,3234,112.21,3216,110.93,3314,108.69,3478,108.01,3391,106.48,0,0,0,0,0,0,1,0,0,0,0,0,0,1
111.58,2858,9,2907,110.58,2914,110.26,2906,108.19,3123,108.16,3044,106.03,0,0,0,0,0,0,1,0,0,0,0,0,0,1
112.94,2906,17,2961,112.43,2954,111.89,3003,109.29,3220,109.06,3145,106.59,0,0,0,0,0,0,1,0,0,0,0,0,0,1
112.59,3460,20,3507,112.03,3531,111.29,3545,109.22,3666,108.04,3586,106.36,0,0,0,0,0,0,1,0,0,0,0,0,0,1
113.82,3034,21,3123,114.38,3110,114.5,3149,112.33,3316,111.3,3273,109.62,0,0,0,0,0,0,1,0,0,0,0,0,0,1
113.1,3434,22,3487,113.19,3468,113.06,3511,111.49,3623,109.29,3546,108.03,0,0,0,0,0,0,1,0,0,0,0,0,0,1
113.89,3077,24,3106,113.47,3112,112.71,3135,111.25,3256,110.58,3203,107.95,0,0,0,0,0,0,1,0,0,0,0,0,0,1
114.54,2767,31,2848,114.3,2825,114.28,2859,112.54,2931,111.92,2865,109.49,0,0,0,0,0,0,1,0,0,0,0,0,0,1
114.38,3306,36,3327,113.67,3313,112.81,3341,111.46,3436,109.03,3374,107.07,0,0,0,0,0,0,1,0,0,0,0,0,0,1
114.1,3233,42,3290,113.29,3277,112.85,3275,111.42,3582,108.63,3534,106.74,0,0,0,0,0,0,1,0,0,0,0,0,0,1
114.81,3092,43,3168,114.82,3113,114.1,3206,112.7,3419,109.97,3352,108.56,0,0,0,0,0,0,1,0,0,0,0,0,0,1
114.24,3413,45,3440,113.53,3430,112.69,3465,110.35,3559,108.53,3490,107.04,0,0,0,0,0,0,1,0,0,0,0,0,0,1
112.18,3343,48,3390,112.06,3394,110.57,3402,108.38,3583,106.05,3474,104.98,0,0,0,0,0,0,1,0,0,0,0,0,0,1
112.82,3171,6,3232,112.88,3239,112.79,3276,110.85,3407,108.24,3363,105.92,0,0,0,0,0,0,0,1,0,0,0,0,0,1
114.68,3246,10,3308,114.76,3262,113.87,3329,111.7,3550,110.46,3466,108.18,0,0,0,0,0,0,0,1,0,0,0,0,0,1
111.9,3348,17,3399,111.6,3356,111.27,3417,108.95,3651,108.27,3566,106.18,0,0,0,0,0,0,0,1,0,0,0,0,0,1
112.53,2816,30,2869,112.41,2830,111.8,2905,111.58,3138,111.06,3055,108.63,0,0,0,0,0,0,0,1,0,0,0,0,0,1
112.25,3097,33,3143,112.29,3136,112.32,3149,110.88,3495,109.06,3449,107.25,0,0,0,0,0,0,0,1,0,0,0,0,0,1
112.19,3305,35,3360,111.99,3377,111.78,3398,110.77,3648,109.2,3558,106.98,0,0,0,0,0,0,0,1,0,0,0,0,0,1
109.38,3498,39,3561,110.28,3551,110.95,3559,109.05,3686,107.98,3626,106.21,0,0,0,0,0,0,0,1,0,0,0,0,0,1
112.39,3158,48,3148,111.85,3186,111.16,3190,108.23,3444,107.58,3359,105.27,0,0,0,0,0,0,0,1,0,0,0,0,0,1
113.26,3170,6,3185,112.95,3227,112.99,3246,110.79,3429,108.4,3366,107.29,0,0,0,0,0,0,0,0,1,0,0,0,0,1
113.04,3429.15,11,3476.95,113.16,3449.49,112.77,3465.76,111.1,3682.37,110.56,3586.78,107.77,0,0,0,0,0,0,0,0,1,0,0,0,0,1
114.62,3451,17,3493,113.99,1246,99.05,3519,110.14,2909,108.88,3653,106.31,0,0,0,0,0,0,0,0,1,0,0,0,0,1
112.11,3472,18,3500,111.45,1212,96.52,3496,107.26,2950,105.43,3613,103.76,0,0,0,0,0,0,0,0,1,0,0,0,0,1
112.76,3390,20,3446,112.82,1336,98.88,3470,110.44,2852,108.85,3562,106.29,0,0,0,0,0,0,0,0,1,0,0,0,0,1
112.59,3455,23,3525,112.48,1319,98.95,3532,109.81,2909,108.72,3661,105.87,0,0,0,0,0,0,0,0,1,0,0,0,0,1
111.95,3462,27,3518,112.35,1312,98.95,3559,110.02,2849,108.87,3598,106.91,0,0,0,0,0,0,0,0,1,0,0,0,0,1
112.5,3223,30,3304,111.93,1220,98.97,3334,110.4,2782,109.9,3535,106.66,0,0,0,0,0,0,0,0,1,0,0,0,0,1
115.05,2850,32,2911,115.02,1137,101.9,2917,113.05,2456,112.53,3062,109.76,0,0,0,0,0,0,0,0,1,0,0,0,0,1
114.23,3336,34,3405,113.68,1270,100.23,3396,111.62,2851,110.58,3618,108.02,0,0,0,0,0,0,0,0,1,0,0,0,0,1
116.48,3312,36,3382,115.42,1295,101.55,3416,112.41,2782,111.55,3462,108.66,0,0,0,0,0,0,0,0,1,0,0,0,0,1
116.01,3414,40,3463,114.23,1272,99.95,3480,110.87,2717,105.64,3481,98.34,0,0,0,0,0,0,0,0,1,0,0,0,0,1
115.94,3494,45,3540,114.74,1286,99.5,3594,110.93,2886,109.55,3673,106.61,0,0,0,0,0,0,0,0,1,0,0,0,0,1
113.19,3450,47,3490,113.59,3466,112.24,3482,108.99,2823,107.08,3549,104.4,0,0,0,0,0,0,0,0,1,0,0,0,0,1
103.62,865,52,1170,115.11,1153,118.03,1146,122.24,1008,120.2,1331,115.31,0,0,0,0,0,0,0,0,1,0,0,0,0,1
113.36,2990,3,3082,113.65,3024,113.24,3291,111.19,2600,106.44,3267,106.87,0,0,0,0,0,0,0,0,0,1,0,0,0,1
113.86,3283,5,3167,110.91,3123,108.03,3464,108.76,2701,101.66,3563,108.1,0,0,0,0,0,0,0,0,0,1,0,0,0,1
110.65,3498,6,3039,102.92,3186,106.67,3482,108.46,2493,106.46,3427,106.36,0,0,0,0,0,0,0,0,0,1,0,0,0,1
113.52,2971,8,3230,114.42,3180,110.52,3262,112.16,2592,108.57,3412,106.94,0,0,0,0,0,0,0,0,0,1,0,0,0,1
112.14,3123,18,3534,115.81,3118,106.92,3316,108.25,2897,114.39,3704,106.6,0,0,0,0,0,0,0,0,0,1,0,0,0,1
113.88,3046,30,3326,118.56,3282,114.04,3486,112.55,2949,111.02,3779,107.58,0,0,0,0,0,0,0,0,0,1,0,0,0,1
114.49,3043,31,3131,118.53,3170,114.32,3236,113.35,2701,114.67,3416,108.44,0,0,0,0,0,0,0,0,0,1,0,0,0,1
114.34,2842,33,3003,119.28,3054,113.78,3119,112.46,2611,114.69,3234,109.21,0,0,0,0,0,0,0,0,0,1,0,0,0,1
114.78,3098,36,2473,116.19,3378,109.89,3509,111.75,2950,111.88,3626,107.94,0,0,0,0,0,0,0,0,0,1,0,0,0,1
115.17,3402,39,2885,115.19,3471,113.1,3296,111.11,2673,110.51,3582,107.35,0,0,0,0,0,0,0,0,0,1,0,0,0,1
